imgId_eId,val
20057f34d_0,0.018848453
20057f34d_1,0.030189732
20057f34d_2,0.0727922
20057f34d_3,-0.0006734701
20057f34d_4,0.016774446
20057f34d_5,-0.11378009
20057f34d_6,-0.031219324
20057f34d_7,0.032791577
20057f34d_8,-0.02444045
20057f34d_9,0.019561559
20057f34d_10,0.031335536
20057f34d_11,-0.07391897
20057f34d_12,-0.013010733
20057f34d_13,0.04116242
20057f34d_14,-0.0070525217
20057f34d_15,0.025539119
20057f34d_16,-0.0014692693
20057f34d_17,0.007093371
20057f34d_18,0.03179761
20057f34d_19,0.06946368
20057f34d_20,0.027775344
20057f34d_21,-0.0026838293
20057f34d_22,-0.025916781
20057f34d_23,0.0007813943
20057f34d_24,0.02883545
20057f34d_25,0.048032712
20057f34d_26,0.05147966
20057f34d_27,0.047687136
20057f34d_28,-0.021239145
20057f34d_29,-0.02764057
20057f34d_30,0.04133171
20057f34d_31,-0.0099037755
20057f34d_32,-0.020924207
20057f34d_33,-0.037786074
20057f34d_34,0.12483661
20057f34d_35,0.046325
20057f34d_36,-0.010809613
20057f34d_37,-0.025338424
20057f34d_38,-0.0005208412
20057f34d_39,-0.04136981
20057f34d_40,-0.0429108
20057f34d_41,-0.005327082
20057f34d_42,0.053910833
20057f34d_43,-0.015370896
20057f34d_44,0.034989636
20057f34d_45,-0.01610976
20057f34d_46,0.033910062
20057f34d_47,-0.05665949
20057f34d_48,0.021897279
20057f34d_49,-0.08673611
20057f34d_50,0.0075853653
20057f34d_51,-0.096276514
20057f34d_52,0.0148995435
20057f34d_53,-0.06634221
20057f34d_54,0.04266154
20057f34d_55,-0.035835195
20057f34d_56,-0.010094691
20057f34d_57,-0.072318606
20057f34d_58,0.07980362
20057f34d_59,-0.06751641
20057f34d_60,0.054798845
20057f34d_61,0.053132817
20057f34d_62,-0.04773793
20057f34d_63,-0.052203823
20057f34d_64,0.076746635
20057f34d_65,0.010122684
20057f34d_66,-0.041860547
20057f34d_67,-0.0871752
20057f34d_68,0.024652516
20057f34d_69,-0.027344842
20057f34d_70,-0.057648826
20057f34d_71,0.054550197
20057f34d_72,-0.019879267
20057f34d_73,-0.10728818
20057f34d_74,-0.05552742
20057f34d_75,-0.040504836
20057f34d_76,0.0037935772
20057f34d_77,0.0406429
20057f34d_78,-0.030628541
20057f34d_79,-0.0025745195
20057f34d_80,0.1337218
20057f34d_81,0.057609506
20057f34d_82,0.0005806807
20057f34d_83,-0.056316085
20057f34d_84,-0.045021642
20057f34d_85,-0.003956369
20057f34d_86,-0.019770669
20057f34d_87,0.005042069
20057f34d_88,0.052137814
20057f34d_89,-0.044152938
20057f34d_90,-0.07140901
20057f34d_91,0.047908586
20057f34d_92,-0.10238334
20057f34d_93,-0.025873376
20057f34d_94,-0.050844956
20057f34d_95,-0.021978723
20057f34d_96,0.034855016
20057f34d_97,-0.08556892
20057f34d_98,0.027924623
20057f34d_99,0.033110633
20057f34d_100,0.017632898
20057f34d_101,0.005121906
20057f34d_102,-0.07910864
20057f34d_103,0.011130931
20057f34d_104,0.120986655
20057f34d_105,0.0057488573
20057f34d_106,0.004439228
20057f34d_107,0.0369821
20057f34d_108,0.05766033
20057f34d_109,0.06027935
20057f34d_110,-0.031751845
20057f34d_111,-0.045691587
20057f34d_112,-0.053468917
20057f34d_113,0.0040702526
20057f34d_114,0.030750489
20057f34d_115,-0.08235986
20057f34d_116,0.011160745
20057f34d_117,0.02989137
20057f34d_118,-0.06850827
20057f34d_119,-0.107453205
20057f34d_120,0.0035960448
20057f34d_121,-0.030326635
20057f34d_122,-0.060778763
20057f34d_123,-0.0078803655
20057f34d_124,0.07537496
20057f34d_125,-0.028692877
20057f34d_126,0.019672956
20057f34d_127,-1.1302978e-33
20057f34d_128,0.097703524
20057f34d_129,0.10821191
20057f34d_130,-0.05844799
20057f34d_131,0.063791886
20057f34d_132,0.09237144
20057f34d_133,-0.0743367
20057f34d_134,0.024434023
20057f34d_135,-0.03160447
20057f34d_136,-0.06425076
20057f34d_137,-0.009568462
20057f34d_138,-0.05143743
20057f34d_139,-0.08080982
20057f34d_140,0.015489695
20057f34d_141,0.039428744
20057f34d_142,-0.0006995579
20057f34d_143,-0.013820459
20057f34d_144,-0.005222384
20057f34d_145,-0.0016949453
20057f34d_146,-0.041123208
20057f34d_147,0.087079465
20057f34d_148,-0.09490687
20057f34d_149,0.02565355
20057f34d_150,0.005149135
20057f34d_151,-0.0015265209
20057f34d_152,-0.022985376
20057f34d_153,0.0971198
20057f34d_154,0.014734328
20057f34d_155,0.0009410458
20057f34d_156,0.024777142
20057f34d_157,-8.726701e-05
20057f34d_158,0.03491354
20057f34d_159,0.017603822
20057f34d_160,0.0079493495
20057f34d_161,-0.018986352
20057f34d_162,-0.00038764538
20057f34d_163,0.061295457
20057f34d_164,-0.0023184514
20057f34d_165,0.005115012
20057f34d_166,-0.032390036
20057f34d_167,0.029080719
20057f34d_168,0.020479044
20057f34d_169,0.040941488
20057f34d_170,-0.033580285
20057f34d_171,0.0034228892
20057f34d_172,0.042824302
20057f34d_173,0.06442436
20057f34d_174,0.055850487
20057f34d_175,0.016942041
20057f34d_176,-0.021405816
20057f34d_177,0.0040205754
20057f34d_178,-0.004085991
20057f34d_179,0.006332477
20057f34d_180,-0.09272906
20057f34d_181,0.025873763
20057f34d_182,-0.0747102
20057f34d_183,0.009201829
20057f34d_184,0.021502381
20057f34d_185,-0.119729236
20057f34d_186,0.022244452
20057f34d_187,0.038445268
20057f34d_188,0.04264844
20057f34d_189,-0.00440582
20057f34d_190,0.040471423
20057f34d_191,-0.004015928
20057f34d_192,-0.045801982
20057f34d_193,-0.054140553
20057f34d_194,-0.05099484
20057f34d_195,0.025183054
20057f34d_196,-0.014281193
20057f34d_197,0.037554048
20057f34d_198,-0.028114496
20057f34d_199,0.046890337
20057f34d_200,0.047392268
20057f34d_201,-0.08409057
20057f34d_202,-0.059129827
20057f34d_203,0.039244954
20057f34d_204,0.07012239
20057f34d_205,0.012724651
20057f34d_206,-0.018214209
20057f34d_207,0.09069393
20057f34d_208,-0.08213539
20057f34d_209,-0.019845642
20057f34d_210,0.0007071053
20057f34d_211,-0.07677583
20057f34d_212,-0.024741037
20057f34d_213,0.0042265565
20057f34d_214,0.005704587
20057f34d_215,-0.051377617
20057f34d_216,-0.07244809
20057f34d_217,-0.062030286
20057f34d_218,-0.11827624
20057f34d_219,0.0055476073
20057f34d_220,0.044149704
20057f34d_221,-0.037881464
20057f34d_222,-0.09484905
20057f34d_223,2.2821494e-35
20057f34d_224,0.051073562
20057f34d_225,-0.007694428
20057f34d_226,-0.024338363
20057f34d_227,0.014173065
20057f34d_228,-0.008207046
20057f34d_229,0.06579941
20057f34d_230,-0.05709733
20057f34d_231,0.025836863
20057f34d_232,-0.12690856
20057f34d_233,0.0010464954
20057f34d_234,-0.056263316
20057f34d_235,0.054317027
20057f34d_236,0.028556744
20057f34d_237,-0.08069135
20057f34d_238,0.033788357
20057f34d_239,0.0033925683
20057f34d_240,0.060285583
20057f34d_241,-0.066842794
20057f34d_242,-0.054701332
20057f34d_243,0.089916356
20057f34d_244,0.02812113
20057f34d_245,0.05459813
20057f34d_246,-0.010989873
20057f34d_247,-0.030162323
20057f34d_248,0.010176282
20057f34d_249,0.09553431
20057f34d_250,0.00939981
20057f34d_251,-0.036866803
20057f34d_252,0.0043873377
20057f34d_253,0.0046649734
20057f34d_254,-0.07087774
20057f34d_255,0.013851328
20057f34d_256,0.03008215
20057f34d_257,-0.02910706
20057f34d_258,-0.01683388
20057f34d_259,0.12053754
20057f34d_260,0.03044404
20057f34d_261,-0.06318676
20057f34d_262,-0.005699057
20057f34d_263,0.027743535
20057f34d_264,0.028448133
20057f34d_265,0.03472312
20057f34d_266,-0.044373173
20057f34d_267,0.06892222
20057f34d_268,0.0015645057
20057f34d_269,-0.064481676
20057f34d_270,0.04627131
20057f34d_271,0.024079235
20057f34d_272,-0.0013399603
20057f34d_273,0.07910947
20057f34d_274,0.018143343
20057f34d_275,-0.0039092945
20057f34d_276,-0.023759
20057f34d_277,0.07021859
20057f34d_278,0.022266408
20057f34d_279,-0.016768245
20057f34d_280,-0.11317166
20057f34d_281,0.037009854
20057f34d_282,0.0055556
20057f34d_283,0.014900416
20057f34d_284,-0.06761252
20057f34d_285,-0.024522986
20057f34d_286,-0.06509597
20057f34d_287,0.09736848
20057f34d_288,-0.016513994
20057f34d_289,-0.048767563
20057f34d_290,-0.030422216
20057f34d_291,0.054589845
20057f34d_292,-0.10979454
20057f34d_293,0.07711815
20057f34d_294,0.0035520128
20057f34d_295,0.025430921
20057f34d_296,0.023877446
20057f34d_297,0.062236905
20057f34d_298,0.06802127
20057f34d_299,-0.05409494
20057f34d_300,0.015351286
20057f34d_301,0.08377473
20057f34d_302,0.065994374
20057f34d_303,0.02830811
20057f34d_304,0.004483245
20057f34d_305,0.0049372925
20057f34d_306,0.05263478
20057f34d_307,0.09528574
20057f34d_308,0.07550772
20057f34d_309,0.04426969
20057f34d_310,-0.05474615
20057f34d_311,-0.124950655
20057f34d_312,-0.051008698
20057f34d_313,-0.01556803
20057f34d_314,0.019449664
20057f34d_315,-0.02934456
20057f34d_316,0.038844604
20057f34d_317,0.010515306
20057f34d_318,0.08048153
20057f34d_319,-1.881272e-08
20057f34d_320,0.13535015
20057f34d_321,0.00541224
20057f34d_322,-0.04439073
20057f34d_323,-0.04796775
20057f34d_324,0.07056641
20057f34d_325,-0.04826178
20057f34d_326,0.016204912
20057f34d_327,0.050256815
20057f34d_328,-0.034132246
20057f34d_329,-0.04260125
20057f34d_330,0.007542317
20057f34d_331,-0.067416064
20057f34d_332,-0.019418444
20057f34d_333,0.070408024
20057f34d_334,-0.040693536
20057f34d_335,0.070484504
20057f34d_336,0.003969937
20057f34d_337,-0.011224057
20057f34d_338,-0.057567593
20057f34d_339,0.07620066
20057f34d_340,-0.10092314
20057f34d_341,0.002855269
20057f34d_342,0.02940325
20057f34d_343,-0.08829495
20057f34d_344,-0.013024069
20057f34d_345,0.062144343
20057f34d_346,-0.0078741
20057f34d_347,-0.072317295
20057f34d_348,-0.040999018
20057f34d_349,-0.014695023
20057f34d_350,0.033206377
20057f34d_351,-0.0022767582
20057f34d_352,-0.0338622
20057f34d_353,-0.027187424
20057f34d_354,-0.01798641
20057f34d_355,-0.017583024
20057f34d_356,-0.06124168
20057f34d_357,-0.013589833
20057f34d_358,-0.068078965
20057f34d_359,-0.016493967
20057f34d_360,-0.05359924
20057f34d_361,0.056559604
20057f34d_362,0.024745394
20057f34d_363,0.052771594
20057f34d_364,0.016341124
20057f34d_365,0.071257785
20057f34d_366,0.03961414
20057f34d_367,-0.04477553
20057f34d_368,-0.01799794
20057f34d_369,0.053114243
20057f34d_370,-0.06745757
20057f34d_371,0.04350338
20057f34d_372,0.0010678369
20057f34d_373,0.014684962
20057f34d_374,0.06280947
20057f34d_375,0.010315395
20057f34d_376,0.058647256
20057f34d_377,0.013282172
20057f34d_378,0.008276688
20057f34d_379,0.10313751
20057f34d_380,0.13224606
20057f34d_381,0.009342176
20057f34d_382,-0.116789214
20057f34d_383,-0.007934112
227ef0887_0,0.017384542
227ef0887_1,0.066554956
227ef0887_2,0.04952441
227ef0887_3,0.037107274
227ef0887_4,-0.033108167
227ef0887_5,0.005656073
227ef0887_6,-0.080581844
227ef0887_7,-0.062777795
227ef0887_8,0.07232572
227ef0887_9,-0.03009752
227ef0887_10,-0.090250604
227ef0887_11,0.009069966
227ef0887_12,-0.07686306
227ef0887_13,-0.056927003
227ef0887_14,-0.081108436
227ef0887_15,0.024513526
227ef0887_16,-0.012394534
227ef0887_17,0.05900462
227ef0887_18,-0.043174144
227ef0887_19,-0.0033130122
227ef0887_20,0.038939472
227ef0887_21,-0.014047452
227ef0887_22,0.020200865
227ef0887_23,0.0447259
227ef0887_24,0.030579697
227ef0887_25,0.08524789
227ef0887_26,0.09522094
227ef0887_27,0.004449074
227ef0887_28,0.05551932
227ef0887_29,-0.049969606
227ef0887_30,0.079780646
227ef0887_31,-0.018441744
227ef0887_32,-0.030745812
227ef0887_33,-0.014593305
227ef0887_34,0.0040300656
227ef0887_35,0.0631923
227ef0887_36,0.09258461
227ef0887_37,0.023820445
227ef0887_38,-0.071116954
227ef0887_39,0.06451765
227ef0887_40,-0.052123554
227ef0887_41,-0.0007354409
227ef0887_42,0.011199227
227ef0887_43,0.051550608
227ef0887_44,0.0338604
227ef0887_45,0.030674407
227ef0887_46,-0.038974334
227ef0887_47,-0.028237153
227ef0887_48,0.013132485
227ef0887_49,-0.033636685
227ef0887_50,0.01157308
227ef0887_51,-0.115445256
227ef0887_52,0.0093328245
227ef0887_53,-0.014527424
227ef0887_54,0.030848313
227ef0887_55,0.058475558
227ef0887_56,-0.006370845
227ef0887_57,-0.030075073
227ef0887_58,0.0300263
227ef0887_59,0.022860143
227ef0887_60,-0.060828913
227ef0887_61,0.04251753
227ef0887_62,-0.059603643
227ef0887_63,0.04373356
227ef0887_64,-0.12551814
227ef0887_65,-0.0063427626
227ef0887_66,-0.046016555
227ef0887_67,0.09137999
227ef0887_68,-8.647985e-05
227ef0887_69,-0.02880996
227ef0887_70,0.09907612
227ef0887_71,0.014244976
227ef0887_72,0.05593624
227ef0887_73,-0.10065679
227ef0887_74,0.027454246
227ef0887_75,-0.014597495
227ef0887_76,-0.031167086
227ef0887_77,-0.065499574
227ef0887_78,0.016373493
227ef0887_79,0.014029327
227ef0887_80,-0.061176643
227ef0887_81,0.046536572
227ef0887_82,0.029676145
227ef0887_83,0.021224098
227ef0887_84,0.0039860997
227ef0887_85,0.010914555
227ef0887_86,-0.07594016
227ef0887_87,-0.01131269
227ef0887_88,-0.06982446
227ef0887_89,-0.0020155283
227ef0887_90,-0.025460409
227ef0887_91,0.025609562
227ef0887_92,-0.09563345
227ef0887_93,-0.030915188
227ef0887_94,0.053435598
227ef0887_95,0.045741238
227ef0887_96,0.019118818
227ef0887_97,0.044011883
227ef0887_98,0.03519936
227ef0887_99,-0.02328701
227ef0887_100,-0.00063261297
227ef0887_101,0.058818907
227ef0887_102,0.02406129
227ef0887_103,-0.01599666
227ef0887_104,0.008417419
227ef0887_105,-0.060285274
227ef0887_106,-0.026392603
227ef0887_107,0.020162575
227ef0887_108,0.06440959
227ef0887_109,-0.082730226
227ef0887_110,0.013040744
227ef0887_111,-0.026768629
227ef0887_112,-0.016017905
227ef0887_113,0.08904041
227ef0887_114,0.023401232
227ef0887_115,-0.15159014
227ef0887_116,-0.008417876
227ef0887_117,-0.038088843
227ef0887_118,-0.08411221
227ef0887_119,-0.029176772
227ef0887_120,-0.036890257
227ef0887_121,0.022351922
227ef0887_122,0.010043172
227ef0887_123,-0.017071305
227ef0887_124,-0.060978036
227ef0887_125,-0.08535451
227ef0887_126,0.005470516
227ef0887_127,-1.6919533e-33
227ef0887_128,0.09536661
227ef0887_129,-0.0399607
227ef0887_130,-0.041533556
227ef0887_131,-0.026759181
227ef0887_132,0.103679374
227ef0887_133,-0.15932402
227ef0887_134,0.04686461
227ef0887_135,-0.04808608
227ef0887_136,0.010245942
227ef0887_137,0.052666962
227ef0887_138,0.003898021
227ef0887_139,-0.06820415
227ef0887_140,-0.06900879
227ef0887_141,0.08539841
227ef0887_142,-0.016352078
227ef0887_143,-0.0041234316
227ef0887_144,-0.021343593
227ef0887_145,-0.027581802
227ef0887_146,-0.054574307
227ef0887_147,-0.037915524
227ef0887_148,-0.02520492
227ef0887_149,0.04544385
227ef0887_150,0.012534438
227ef0887_151,-0.05637236
227ef0887_152,-0.076586515
227ef0887_153,-0.053811967
227ef0887_154,-0.029889183
227ef0887_155,0.02533543
227ef0887_156,0.019231763
227ef0887_157,0.027908478
227ef0887_158,0.015972134
227ef0887_159,-0.07494432
227ef0887_160,-0.0052371775
227ef0887_161,-0.011122161
227ef0887_162,-0.05814544
227ef0887_163,0.045179818
227ef0887_164,0.028644757
227ef0887_165,-0.042423498
227ef0887_166,0.00033248577
227ef0887_167,-0.007884702
227ef0887_168,0.12381366
227ef0887_169,0.03355714
227ef0887_170,0.059585515
227ef0887_171,0.062159076
227ef0887_172,-0.011011895
227ef0887_173,0.110714555
227ef0887_174,0.121872626
227ef0887_175,0.025015665
227ef0887_176,0.04886476
227ef0887_177,0.024201075
227ef0887_178,0.009193678
227ef0887_179,0.016173325
227ef0887_180,0.0605425
227ef0887_181,-0.0090822335
227ef0887_182,-0.029704414
227ef0887_183,0.021213839
227ef0887_184,0.03771333
227ef0887_185,0.090337336
227ef0887_186,0.027341187
227ef0887_187,0.0017850115
227ef0887_188,-0.095981695
227ef0887_189,0.08618472
227ef0887_190,0.030122614
227ef0887_191,0.02839456
227ef0887_192,0.051179785
227ef0887_193,-0.0017078493
227ef0887_194,-4.001141e-05
227ef0887_195,0.034027476
227ef0887_196,0.06796249
227ef0887_197,-0.06884257
227ef0887_198,0.021540819
227ef0887_199,0.09945272
227ef0887_200,-0.08613529
227ef0887_201,-0.04020381
227ef0887_202,-0.020584704
227ef0887_203,-0.0066555166
227ef0887_204,-0.023296291
227ef0887_205,0.01621666
227ef0887_206,0.055819858
227ef0887_207,0.061879687
227ef0887_208,0.0180729
227ef0887_209,-0.032822605
227ef0887_210,-0.05065348
227ef0887_211,0.08672042
227ef0887_212,0.021753537
227ef0887_213,0.00761675
227ef0887_214,0.07521663
227ef0887_215,0.038558498
227ef0887_216,0.0033604584
227ef0887_217,0.047706716
227ef0887_218,-0.026485454
227ef0887_219,-0.08285258
227ef0887_220,0.057683893
227ef0887_221,-0.106052965
227ef0887_222,-0.00161528
227ef0887_223,7.4822093e-34
227ef0887_224,0.032548077
227ef0887_225,-0.0040195943
227ef0887_226,-0.025640568
227ef0887_227,0.06087668
227ef0887_228,0.036430113
227ef0887_229,0.008671245
227ef0887_230,-0.05709584
227ef0887_231,0.053646203
227ef0887_232,0.017303146
227ef0887_233,-0.1130983
227ef0887_234,0.040154066
227ef0887_235,0.0234669
227ef0887_236,0.0535721
227ef0887_237,-0.006430509
227ef0887_238,-0.04199107
227ef0887_239,-0.06088712
227ef0887_240,-0.0071392274
227ef0887_241,0.07185642
227ef0887_242,-0.016061276
227ef0887_243,-0.048525274
227ef0887_244,-0.039291475
227ef0887_245,0.00273709
227ef0887_246,-0.000822156
227ef0887_247,-0.055394035
227ef0887_248,-0.0418986
227ef0887_249,0.023370324
227ef0887_250,0.00869734
227ef0887_251,-0.038914893
227ef0887_252,-0.046893556
227ef0887_253,0.08375543
227ef0887_254,0.14071621
227ef0887_255,0.0006629438
227ef0887_256,0.025243305
227ef0887_257,-0.073171824
227ef0887_258,-0.08851038
227ef0887_259,-0.0063661938
227ef0887_260,0.047026187
227ef0887_261,-0.009017976
227ef0887_262,-0.029412825
227ef0887_263,0.012031263
227ef0887_264,0.04642489
227ef0887_265,-0.054405767
227ef0887_266,0.039920937
227ef0887_267,0.022581464
227ef0887_268,0.02439662
227ef0887_269,0.069445655
227ef0887_270,-0.06294386
227ef0887_271,0.013615985
227ef0887_272,0.10019012
227ef0887_273,0.06000524
227ef0887_274,-0.016124206
227ef0887_275,0.03700781
227ef0887_276,0.05412974
227ef0887_277,0.01701772
227ef0887_278,0.021296024
227ef0887_279,-0.09971508
227ef0887_280,0.017358238
227ef0887_281,-0.026259474
227ef0887_282,-0.0052671353
227ef0887_283,-0.008757772
227ef0887_284,-0.1087472
227ef0887_285,-0.036070455
227ef0887_286,0.007654595
227ef0887_287,-0.03800414
227ef0887_288,0.09707253
227ef0887_289,0.036239382
227ef0887_290,-0.013478779
227ef0887_291,0.021817282
227ef0887_292,-0.105747946
227ef0887_293,-0.021692818
227ef0887_294,0.02902154
227ef0887_295,0.06433156
227ef0887_296,0.114595816
227ef0887_297,0.057641406
227ef0887_298,0.016275072
227ef0887_299,-0.06963585
227ef0887_300,0.044522494
227ef0887_301,0.05730504
227ef0887_302,-0.0016950365
227ef0887_303,0.08924683
227ef0887_304,0.019136738
227ef0887_305,0.00964996
227ef0887_306,-0.04564314
227ef0887_307,0.04270446
227ef0887_308,-0.012141327
227ef0887_309,-0.010014687
227ef0887_310,0.0216438
227ef0887_311,-0.054272126
227ef0887_312,-0.0021111309
227ef0887_313,-0.057374097
227ef0887_314,0.033907253
227ef0887_315,0.049855538
227ef0887_316,-0.075198315
227ef0887_317,0.014321357
227ef0887_318,0.016163427
227ef0887_319,-1.8804938e-08
227ef0887_320,-0.016742831
227ef0887_321,0.004328242
227ef0887_322,-0.023130098
227ef0887_323,-0.029777022
227ef0887_324,0.012245516
227ef0887_325,-0.026437163
227ef0887_326,0.031023841
227ef0887_327,0.060548082
227ef0887_328,-0.050406795
227ef0887_329,-0.044112496
227ef0887_330,-0.0066003613
227ef0887_331,0.08992644
227ef0887_332,-0.034694374
227ef0887_333,-0.026814824
227ef0887_334,-0.007966463
227ef0887_335,-0.073551245
227ef0887_336,0.05146102
227ef0887_337,-0.064590335
227ef0887_338,-0.003441973
227ef0887_339,-0.10535668
227ef0887_340,0.03694336
227ef0887_341,0.004725675
227ef0887_342,0.12224811
227ef0887_343,-0.027455145
227ef0887_344,-0.06298707
227ef0887_345,0.0040514325
227ef0887_346,0.026316037
227ef0887_347,-0.06523067
227ef0887_348,0.022196518
227ef0887_349,-0.027133333
227ef0887_350,0.004355027
227ef0887_351,0.10809334
227ef0887_352,-0.0048701297
227ef0887_353,0.07412306
227ef0887_354,0.05293177
227ef0887_355,-0.05927684
227ef0887_356,-0.10463915
227ef0887_357,0.07607162
227ef0887_358,0.014096877
227ef0887_359,0.026311819
227ef0887_360,-0.04826281
227ef0887_361,-0.048544787
227ef0887_362,0.046971906
227ef0887_363,-0.027578201
227ef0887_364,-0.004397676
227ef0887_365,0.0043348284
227ef0887_366,0.021121025
227ef0887_367,0.08295545
227ef0887_368,0.013234038
227ef0887_369,-0.025420986
227ef0887_370,-0.04028542
227ef0887_371,-0.011150216
227ef0887_372,0.010194523
227ef0887_373,-0.0014007572
227ef0887_374,0.0028704794
227ef0887_375,-0.050008364
227ef0887_376,-0.017287102
227ef0887_377,-0.04660972
227ef0887_378,0.008037343
227ef0887_379,-0.04034754
227ef0887_380,0.05098901
227ef0887_381,-0.03864045
227ef0887_382,-0.0131828245
227ef0887_383,0.044727568
92e911621_0,0.015788445
92e911621_1,-0.0021564967
92e911621_2,-0.04161106
92e911621_3,0.04800347
92e911621_4,-0.019225467
92e911621_5,-0.051102217
92e911621_6,-0.02181607
92e911621_7,-0.022840941
92e911621_8,0.03287894
92e911621_9,0.037142236
92e911621_10,0.08428787
92e911621_11,-0.06549801
92e911621_12,-0.04336771
92e911621_13,0.028671326
92e911621_14,-0.02535599
92e911621_15,-0.026406469
92e911621_16,0.080489546
92e911621_17,-0.036996648
92e911621_18,0.045802888
92e911621_19,0.06676757
92e911621_20,0.08255747
92e911621_21,0.03498732
92e911621_22,0.081367865
92e911621_23,0.02946072
92e911621_24,-0.06251672
92e911621_25,-0.02708659
92e911621_26,-0.1259864
92e911621_27,-0.010224993
92e911621_28,0.022021823
92e911621_29,-0.098323025
92e911621_30,-0.0638177
92e911621_31,-0.034189913
92e911621_32,-0.02816421
92e911621_33,-0.025533397
92e911621_34,0.05686531
92e911621_35,0.056457546
92e911621_36,-0.008870646
92e911621_37,-0.05314625
92e911621_38,0.11408552
92e911621_39,0.025982441
92e911621_40,-0.08027046
92e911621_41,-0.042475965
92e911621_42,0.0004742962
92e911621_43,0.03269526
92e911621_44,-0.09296957
92e911621_45,-0.034670874
92e911621_46,0.002523261
92e911621_47,0.06483851
92e911621_48,0.035802875
92e911621_49,-0.08460755
92e911621_50,0.003002705
92e911621_51,-0.041645434
92e911621_52,-0.053633243
92e911621_53,-0.008751858
92e911621_54,-0.02077483
92e911621_55,0.084239274
92e911621_56,-0.0013882732
92e911621_57,-0.062270634
92e911621_58,0.013208988
92e911621_59,-0.011209865
92e911621_60,0.08558661
92e911621_61,0.0546835
92e911621_62,-0.007640134
92e911621_63,0.047241524
92e911621_64,-0.036588017
92e911621_65,0.013774733
92e911621_66,-0.07054509
92e911621_67,0.021092108
92e911621_68,0.024721809
92e911621_69,0.028633876
92e911621_70,0.06663045
92e911621_71,0.030177787
92e911621_72,0.017774563
92e911621_73,-0.02694409
92e911621_74,-0.01002776
92e911621_75,-0.012601912
92e911621_76,0.009882809
92e911621_77,-0.007300754
92e911621_78,-0.07797032
92e911621_79,-0.02053168
92e911621_80,-0.05366861
92e911621_81,0.058316804
92e911621_82,0.046106074
92e911621_83,-0.045675926
92e911621_84,-0.032349586
92e911621_85,0.07223561
92e911621_86,0.03640969
92e911621_87,0.0040970948
92e911621_88,-0.037091564
92e911621_89,-0.056292694
92e911621_90,0.08943313
92e911621_91,-0.026810952
92e911621_92,0.008554604
92e911621_93,-0.034877572
92e911621_94,-0.06398962
92e911621_95,-0.021673797
92e911621_96,0.05714232
92e911621_97,0.04229873
92e911621_98,0.0026678133
92e911621_99,0.004912503
92e911621_100,0.04680592
92e911621_101,-0.009711474
92e911621_102,0.012971739
92e911621_103,-0.02633423
92e911621_104,0.047289304
92e911621_105,0.024279619
92e911621_106,-0.16940019
92e911621_107,-0.05440936
92e911621_108,0.11810936
92e911621_109,-0.0095468685
92e911621_110,0.0008720718
92e911621_111,0.07552817
92e911621_112,-0.058930684
92e911621_113,0.09857215
92e911621_114,-0.081106886
92e911621_115,-0.05483125
92e911621_116,0.00070759363
92e911621_117,0.0028308737
92e911621_118,-0.010553244
92e911621_119,0.054187
92e911621_120,-0.007399859
92e911621_121,-0.01588586
92e911621_122,-0.028085427
92e911621_123,-0.012355867
92e911621_124,0.030571196
92e911621_125,0.01737522
92e911621_126,0.06025334
92e911621_127,6.806096e-35
92e911621_128,0.071746096
92e911621_129,-0.040634383
92e911621_130,-0.03836663
92e911621_131,-0.045769732
92e911621_132,0.08801984
92e911621_133,0.00032503332
92e911621_134,-0.011966298
92e911621_135,-0.0051415833
92e911621_136,-0.07501776
92e911621_137,0.07163843
92e911621_138,-0.1090661
92e911621_139,0.04884764
92e911621_140,-0.07490556
92e911621_141,0.07533425
92e911621_142,-0.006768739
92e911621_143,-0.0015389989
92e911621_144,-0.115416184
92e911621_145,0.034360457
92e911621_146,0.007243603
92e911621_147,-0.067365654
92e911621_148,-0.015992714
92e911621_149,0.08122589
92e911621_150,-0.00784367
92e911621_151,-0.081766106
92e911621_152,-0.035605974
92e911621_153,0.04107227
92e911621_154,-0.0075795813
92e911621_155,-0.03731443
92e911621_156,0.0095818145
92e911621_157,0.025542196
92e911621_158,0.010222992
92e911621_159,-0.08590682
92e911621_160,-0.004014753
92e911621_161,0.018194912
92e911621_162,0.0009791063
92e911621_163,-0.041863035
92e911621_164,0.05121433
92e911621_165,-0.06699348
92e911621_166,0.017625645
92e911621_167,-0.006707096
92e911621_168,0.02239133
92e911621_169,0.060152285
92e911621_170,0.02691683
92e911621_171,-0.006533342
92e911621_172,-0.002893491
92e911621_173,0.03377246
92e911621_174,0.1270877
92e911621_175,0.08263095
92e911621_176,-0.022673715
92e911621_177,0.021715665
92e911621_178,-0.03594382
92e911621_179,-0.051983077
92e911621_180,0.0069701644
92e911621_181,0.03281695
92e911621_182,-0.012648699
92e911621_183,-0.026615657
92e911621_184,0.048221122
92e911621_185,-0.021156378
92e911621_186,-0.02376937
92e911621_187,0.04950673
92e911621_188,0.063425265
92e911621_189,-0.010940853
92e911621_190,0.030274173
92e911621_191,-0.04651371
92e911621_192,0.033996165
92e911621_193,-0.007714393
92e911621_194,-0.050960906
92e911621_195,-0.013925185
92e911621_196,0.12727661
92e911621_197,-0.025516717
92e911621_198,-0.002938596
92e911621_199,-0.046368014
92e911621_200,0.027135592
92e911621_201,-0.0674473
92e911621_202,0.033452507
92e911621_203,-0.0407931
92e911621_204,0.0058107823
92e911621_205,0.0064382805
92e911621_206,-0.058564696
92e911621_207,0.03764225
92e911621_208,-0.0029002342
92e911621_209,-0.030173618
92e911621_210,-0.00730793
92e911621_211,0.047050014
92e911621_212,-0.052365243
92e911621_213,0.10785759
92e911621_214,0.047538057
92e911621_215,-0.09155039
92e911621_216,0.06156941
92e911621_217,0.05938467
92e911621_218,-0.087786205
92e911621_219,0.033835154
92e911621_220,-0.06629322
92e911621_221,-0.090003245
92e911621_222,0.023173558
92e911621_223,-6.926364e-34
92e911621_224,0.076530576
92e911621_225,-0.061908655
92e911621_226,0.084594615
92e911621_227,0.060305096
92e911621_228,-0.03535072
92e911621_229,-0.007997664
92e911621_230,-0.03571122
92e911621_231,0.03858306
92e911621_232,-0.07398058
92e911621_233,-0.10666083
92e911621_234,-0.02271614
92e911621_235,0.07116469
92e911621_236,0.045905743
92e911621_237,-0.016687945
92e911621_238,0.033522937
92e911621_239,0.031263053
92e911621_240,0.061263863
92e911621_241,0.033008464
92e911621_242,-0.015108793
92e911621_243,0.025568245
92e911621_244,-0.0071193273
92e911621_245,-0.033831444
92e911621_246,-0.042388435
92e911621_247,0.046180665
92e911621_248,0.027730951
92e911621_249,-0.01174364
92e911621_250,0.03878499
92e911621_251,-0.057660937
92e911621_252,-0.06663189
92e911621_253,-0.058267012
92e911621_254,0.017035358
92e911621_255,-0.06377405
92e911621_256,0.016323624
92e911621_257,0.0320708
92e911621_258,0.00021495976
92e911621_259,-0.05833131
92e911621_260,-0.050619207
92e911621_261,-0.018485084
92e911621_262,-0.008880179
92e911621_263,0.027830198
92e911621_264,0.10164033
92e911621_265,0.03242606
92e911621_266,-0.0040796297
92e911621_267,0.029478269
92e911621_268,-0.004779479
92e911621_269,-0.060325064
92e911621_270,-0.13857642
92e911621_271,0.0075083156
92e911621_272,0.02418518
92e911621_273,0.047405675
92e911621_274,0.04819696
92e911621_275,-0.057189398
92e911621_276,0.026010042
92e911621_277,-0.010410259
92e911621_278,0.042383246
92e911621_279,-0.061929174
92e911621_280,-0.07767645
92e911621_281,-0.041959453
92e911621_282,-0.0031679163
92e911621_283,0.030094
92e911621_284,-0.020909756
92e911621_285,0.06316956
92e911621_286,-0.091379024
92e911621_287,0.05491642
92e911621_288,0.08336827
92e911621_289,0.07758668
92e911621_290,-0.054625284
92e911621_291,-0.004316893
92e911621_292,-0.10221049
92e911621_293,0.012243591
92e911621_294,0.049984794
92e911621_295,-0.00064015767
92e911621_296,0.029645495
92e911621_297,-0.030404523
92e911621_298,0.066862084
92e911621_299,0.013059486
92e911621_300,-0.00335193
92e911621_301,-0.03719077
92e911621_302,0.0017953097
92e911621_303,-0.02697192
92e911621_304,0.00020887247
92e911621_305,0.0066603725
92e911621_306,0.072091
92e911621_307,-0.010911041
92e911621_308,-0.029969143
92e911621_309,0.10388353
92e911621_310,0.012935087
92e911621_311,-0.0077293324
92e911621_312,0.017310385
92e911621_313,0.033110287
92e911621_314,0.03482362
92e911621_315,0.08993044
92e911621_316,0.022133335
92e911621_317,0.04383399
92e911621_318,0.08293703
92e911621_319,-1.9654054e-08
92e911621_320,0.046231393
92e911621_321,0.08870914
92e911621_322,0.0026074338
92e911621_323,-0.00027694786
92e911621_324,-0.0047687194
92e911621_325,-0.014240311
92e911621_326,0.09077566
92e911621_327,-0.032860555
92e911621_328,-0.02570631
92e911621_329,0.053247206
92e911621_330,-0.03600339
92e911621_331,0.04781175
92e911621_332,0.033479176
92e911621_333,0.06538124
92e911621_334,-0.035140157
92e911621_335,0.018554019
92e911621_336,0.0331818
92e911621_337,-0.039114393
92e911621_338,-0.009520543
92e911621_339,0.010586536
92e911621_340,-0.044197857
92e911621_341,0.026814647
92e911621_342,0.11473551
92e911621_343,-0.04302709
92e911621_344,-0.0024279917
92e911621_345,0.059315875
92e911621_346,-0.054851305
92e911621_347,-0.012066037
92e911621_348,0.14026695
92e911621_349,0.043446273
92e911621_350,0.021695279
92e911621_351,-0.005886049
92e911621_352,-0.059554774
92e911621_353,-0.021193115
92e911621_354,0.048017118
92e911621_355,0.04186327
92e911621_356,-0.1426626
92e911621_357,0.035226654
92e911621_358,-0.015917394
92e911621_359,-0.013200395
92e911621_360,-0.033460584
92e911621_361,-0.07630342
92e911621_362,-0.01482229
92e911621_363,0.011414768
92e911621_364,-0.013886509
92e911621_365,0.03159222
92e911621_366,-0.09967312
92e911621_367,0.029381892
92e911621_368,0.023384152
92e911621_369,0.042048674
92e911621_370,-0.023940073
92e911621_371,-0.0053460873
92e911621_372,0.054480538
92e911621_373,-0.02775205
92e911621_374,-0.059642784
92e911621_375,-0.09465966
92e911621_376,0.030428723
92e911621_377,0.031505745
92e911621_378,-0.12986538
92e911621_379,0.03525118
92e911621_380,0.038569797
92e911621_381,-0.06938972
92e911621_382,-0.032668076
92e911621_383,0.019659394
a4e1c55a9_0,-0.06900077
a4e1c55a9_1,-0.020637989
a4e1c55a9_2,0.03104775
a4e1c55a9_3,0.0020741802
a4e1c55a9_4,-0.035995554
a4e1c55a9_5,-0.029692974
a4e1c55a9_6,0.03729561
a4e1c55a9_7,-0.019972375
a4e1c55a9_8,0.011570003
a4e1c55a9_9,-0.026691534
a4e1c55a9_10,0.054210797
a4e1c55a9_11,0.05564341
a4e1c55a9_12,0.06932048
a4e1c55a9_13,0.03820255
a4e1c55a9_14,-0.074365824
a4e1c55a9_15,0.014499233
a4e1c55a9_16,-0.0367313
a4e1c55a9_17,0.012263633
a4e1c55a9_18,0.022863813
a4e1c55a9_19,0.024053684
a4e1c55a9_20,-0.03695619
a4e1c55a9_21,0.00021974473
a4e1c55a9_22,0.072240435
a4e1c55a9_23,0.03579558
a4e1c55a9_24,-0.040873997
a4e1c55a9_25,0.047382172
a4e1c55a9_26,-0.036875993
a4e1c55a9_27,-0.040425647
a4e1c55a9_28,0.027747825
a4e1c55a9_29,-0.07385651
a4e1c55a9_30,0.011428165
a4e1c55a9_31,-0.04007185
a4e1c55a9_32,-0.04028095
a4e1c55a9_33,-0.004231603
a4e1c55a9_34,0.06210034
a4e1c55a9_35,0.013529931
a4e1c55a9_36,0.069980316
a4e1c55a9_37,0.007899984
a4e1c55a9_38,0.038560923
a4e1c55a9_39,0.005686195
a4e1c55a9_40,0.054235864
a4e1c55a9_41,-0.022103194
a4e1c55a9_42,0.00767313
a4e1c55a9_43,-0.03380568
a4e1c55a9_44,0.0041400567
a4e1c55a9_45,0.08923937
a4e1c55a9_46,-0.0050809677
a4e1c55a9_47,-0.018173408
a4e1c55a9_48,-0.018019002
a4e1c55a9_49,0.013830308
a4e1c55a9_50,-0.032272276
a4e1c55a9_51,-0.06777012
a4e1c55a9_52,-0.0075527267
a4e1c55a9_53,-0.047627576
a4e1c55a9_54,-0.03457805
a4e1c55a9_55,0.011654174
a4e1c55a9_56,0.022157278
a4e1c55a9_57,0.0038842051
a4e1c55a9_58,0.030871827
a4e1c55a9_59,-0.04292655
a4e1c55a9_60,-0.018916441
a4e1c55a9_61,0.022073805
a4e1c55a9_62,-0.05232885
a4e1c55a9_63,0.064280145
a4e1c55a9_64,-0.026397593
a4e1c55a9_65,0.035617016
a4e1c55a9_66,-0.058760658
a4e1c55a9_67,-0.011763705
a4e1c55a9_68,-0.027054662
a4e1c55a9_69,-0.005476562
a4e1c55a9_70,0.013014596
a4e1c55a9_71,-0.0026619763
a4e1c55a9_72,0.013253458
a4e1c55a9_73,-0.013404375
a4e1c55a9_74,0.029594267
a4e1c55a9_75,-0.032541037
a4e1c55a9_76,0.0048569976
a4e1c55a9_77,-0.0587269
a4e1c55a9_78,0.019564738
a4e1c55a9_79,0.052552
a4e1c55a9_80,-0.0016901802
a4e1c55a9_81,-0.07102697
a4e1c55a9_82,-0.015709626
a4e1c55a9_83,0.1135285
a4e1c55a9_84,-0.008679488
a4e1c55a9_85,0.090069525
a4e1c55a9_86,0.030686447
a4e1c55a9_87,-0.031105928
a4e1c55a9_88,-0.046598252
a4e1c55a9_89,0.031381577
a4e1c55a9_90,0.044729967
a4e1c55a9_91,-0.026772378
a4e1c55a9_92,-0.00047852704
a4e1c55a9_93,0.042043917
a4e1c55a9_94,-0.06523384
a4e1c55a9_95,0.003749528
a4e1c55a9_96,0.03501696
a4e1c55a9_97,-0.01839071
a4e1c55a9_98,-0.018372532
a4e1c55a9_99,0.06333378
a4e1c55a9_100,-0.042415008
a4e1c55a9_101,-0.054269273
a4e1c55a9_102,0.09922215
a4e1c55a9_103,-0.0738438
a4e1c55a9_104,0.037565444
a4e1c55a9_105,-0.034684535
a4e1c55a9_106,-0.07204667
a4e1c55a9_107,-0.08016314
a4e1c55a9_108,0.0392573
a4e1c55a9_109,-0.06400071
a4e1c55a9_110,-0.043896314
a4e1c55a9_111,-0.098273434
a4e1c55a9_112,-0.004781239
a4e1c55a9_113,0.030741276
a4e1c55a9_114,0.040693536
a4e1c55a9_115,-0.09896738
a4e1c55a9_116,-0.049608175
a4e1c55a9_117,-0.0250905
a4e1c55a9_118,-0.010362527
a4e1c55a9_119,0.0019445572
a4e1c55a9_120,0.052297328
a4e1c55a9_121,-0.043114882
a4e1c55a9_122,-0.043610167
a4e1c55a9_123,-0.024401348
a4e1c55a9_124,-0.01806074
a4e1c55a9_125,-0.047396917
a4e1c55a9_126,-0.053424045
a4e1c55a9_127,-4.3282652e-34
a4e1c55a9_128,0.037890773
a4e1c55a9_129,0.1002459
a4e1c55a9_130,0.015310691
a4e1c55a9_131,0.007587246
a4e1c55a9_132,0.02326815
a4e1c55a9_133,0.040472858
a4e1c55a9_134,-0.0021236006
a4e1c55a9_135,-0.009277705
a4e1c55a9_136,-0.053990763
a4e1c55a9_137,0.03512462
a4e1c55a9_138,-0.02078392
a4e1c55a9_139,0.08876575
a4e1c55a9_140,-0.06172493
a4e1c55a9_141,0.1612636
a4e1c55a9_142,0.03607517
a4e1c55a9_143,-0.057023294
a4e1c55a9_144,0.08098874
a4e1c55a9_145,-0.0108186025
a4e1c55a9_146,0.04101973
a4e1c55a9_147,-0.036867395
a4e1c55a9_148,-0.0072647105
a4e1c55a9_149,0.031325147
a4e1c55a9_150,0.044056382
a4e1c55a9_151,-0.053257875
a4e1c55a9_152,0.07090849
a4e1c55a9_153,0.027908945
a4e1c55a9_154,-0.059988096
a4e1c55a9_155,-0.060469918
a4e1c55a9_156,0.03353287
a4e1c55a9_157,0.027054401
a4e1c55a9_158,-0.08285699
a4e1c55a9_159,0.061433803
a4e1c55a9_160,0.011144893
a4e1c55a9_161,0.021607183
a4e1c55a9_162,-0.12318625
a4e1c55a9_163,-0.043456994
a4e1c55a9_164,-0.058650047
a4e1c55a9_165,-0.14270538
a4e1c55a9_166,-0.041672777
a4e1c55a9_167,0.10708281
a4e1c55a9_168,0.04264582
a4e1c55a9_169,-0.03492197
a4e1c55a9_170,-0.040366624
a4e1c55a9_171,0.0048504784
a4e1c55a9_172,0.0019358647
a4e1c55a9_173,-0.028383257
a4e1c55a9_174,-0.011051843
a4e1c55a9_175,0.009272146
a4e1c55a9_176,0.03862063
a4e1c55a9_177,-0.028232101
a4e1c55a9_178,-0.0109132165
a4e1c55a9_179,0.027543047
a4e1c55a9_180,0.038155377
a4e1c55a9_181,-0.068615645
a4e1c55a9_182,0.01490236
a4e1c55a9_183,-0.08763378
a4e1c55a9_184,0.043484323
a4e1c55a9_185,-0.045297977
a4e1c55a9_186,-0.023747072
a4e1c55a9_187,0.008366531
a4e1c55a9_188,-0.015624759
a4e1c55a9_189,0.0486674
a4e1c55a9_190,0.087505184
a4e1c55a9_191,0.010717459
a4e1c55a9_192,0.109490775
a4e1c55a9_193,-0.08189127
a4e1c55a9_194,-0.044207413
a4e1c55a9_195,-0.03225066
a4e1c55a9_196,0.038419884
a4e1c55a9_197,-0.012699968
a4e1c55a9_198,0.024157189
a4e1c55a9_199,-0.022733966
a4e1c55a9_200,0.06632332
a4e1c55a9_201,-0.10207042
a4e1c55a9_202,0.0068482473
a4e1c55a9_203,0.043493133
a4e1c55a9_204,0.024715947
a4e1c55a9_205,-0.015193804
a4e1c55a9_206,0.058342025
a4e1c55a9_207,-0.037846945
a4e1c55a9_208,-0.023499552
a4e1c55a9_209,-0.0014946597
a4e1c55a9_210,-0.08463129
a4e1c55a9_211,-0.04184917
a4e1c55a9_212,0.05127438
a4e1c55a9_213,0.019522572
a4e1c55a9_214,0.024830336
a4e1c55a9_215,0.0012197635
a4e1c55a9_216,0.02131978
a4e1c55a9_217,0.073685616
a4e1c55a9_218,-0.0798854
a4e1c55a9_219,-0.098239385
a4e1c55a9_220,0.025089152
a4e1c55a9_221,-0.045839388
a4e1c55a9_222,0.0067740045
a4e1c55a9_223,-1.4670055e-33
a4e1c55a9_224,-0.020059552
a4e1c55a9_225,0.0037717829
a4e1c55a9_226,-0.040164474
a4e1c55a9_227,0.09923538
a4e1c55a9_228,0.051495057
a4e1c55a9_229,0.019084468
a4e1c55a9_230,0.018739842
a4e1c55a9_231,0.10235833
a4e1c55a9_232,-0.024934836
a4e1c55a9_233,0.02379759
a4e1c55a9_234,-0.04025255
a4e1c55a9_235,0.031966645
a4e1c55a9_236,0.04225888
a4e1c55a9_237,0.033607807
a4e1c55a9_238,0.04665139
a4e1c55a9_239,0.020074513
a4e1c55a9_240,0.034952838
a4e1c55a9_241,-0.008717316
a4e1c55a9_242,0.070757054
a4e1c55a9_243,-0.11994531
a4e1c55a9_244,0.021712154
a4e1c55a9_245,0.022412559
a4e1c55a9_246,-0.03942222
a4e1c55a9_247,0.11214168
a4e1c55a9_248,0.05451725
a4e1c55a9_249,0.078651026
a4e1c55a9_250,-0.01389633
a4e1c55a9_251,-0.028246518
a4e1c55a9_252,-0.024154944
a4e1c55a9_253,0.0055902703
a4e1c55a9_254,-0.07782141
a4e1c55a9_255,-0.08332908
a4e1c55a9_256,0.15671943
a4e1c55a9_257,0.05010294
a4e1c55a9_258,0.019412633
a4e1c55a9_259,-0.020607071
a4e1c55a9_260,0.02614469
a4e1c55a9_261,-0.034439657
a4e1c55a9_262,0.053656437
a4e1c55a9_263,-0.050900787
a4e1c55a9_264,0.06522179
a4e1c55a9_265,-0.049567528
a4e1c55a9_266,0.024811022
a4e1c55a9_267,-0.004444397
a4e1c55a9_268,0.04135437
a4e1c55a9_269,-0.055375785
a4e1c55a9_270,-0.09127164
a4e1c55a9_271,-0.026210068
a4e1c55a9_272,0.080131225
a4e1c55a9_273,0.0013908023
a4e1c55a9_274,0.026112314
a4e1c55a9_275,-0.03473685
a4e1c55a9_276,0.0065441015
a4e1c55a9_277,-0.027401669
a4e1c55a9_278,-0.06709584
a4e1c55a9_279,0.04589452
a4e1c55a9_280,-0.011301993
a4e1c55a9_281,-0.015491434
a4e1c55a9_282,0.023255149
a4e1c55a9_283,0.021557137
a4e1c55a9_284,-0.02061841
a4e1c55a9_285,0.018004213
a4e1c55a9_286,0.017058222
a4e1c55a9_287,-0.011011337
a4e1c55a9_288,-0.05722256
a4e1c55a9_289,-0.04500107
a4e1c55a9_290,0.044101883
a4e1c55a9_291,-0.07196721
a4e1c55a9_292,-0.020211313
a4e1c55a9_293,-0.07991629
a4e1c55a9_294,0.10504457
a4e1c55a9_295,0.080560975
a4e1c55a9_296,0.07760768
a4e1c55a9_297,0.021870183
a4e1c55a9_298,0.056711826
a4e1c55a9_299,0.0545751
a4e1c55a9_300,0.03521286
a4e1c55a9_301,0.024181578
a4e1c55a9_302,0.04086684
a4e1c55a9_303,-0.031714555
a4e1c55a9_304,-0.06748985
a4e1c55a9_305,0.0017460313
a4e1c55a9_306,-0.038427945
a4e1c55a9_307,0.088180654
a4e1c55a9_308,-0.0254506
a4e1c55a9_309,-0.004571707
a4e1c55a9_310,-0.047078077
a4e1c55a9_311,-0.034661036
a4e1c55a9_312,3.310071e-05
a4e1c55a9_313,-0.004050248
a4e1c55a9_314,0.09134686
a4e1c55a9_315,0.10075438
a4e1c55a9_316,0.06418942
a4e1c55a9_317,0.05989259
a4e1c55a9_318,0.07615383
a4e1c55a9_319,-2.1234454e-08
a4e1c55a9_320,0.0037836651
a4e1c55a9_321,0.015123732
a4e1c55a9_322,0.0010679938
a4e1c55a9_323,-0.064274855
a4e1c55a9_324,0.049347367
a4e1c55a9_325,-0.020408975
a4e1c55a9_326,0.0903932
a4e1c55a9_327,-0.12131981
a4e1c55a9_328,-0.055275183
a4e1c55a9_329,-0.101275854
a4e1c55a9_330,0.07177413
a4e1c55a9_331,-0.060855087
a4e1c55a9_332,0.020600297
a4e1c55a9_333,0.019978853
a4e1c55a9_334,0.058149785
a4e1c55a9_335,0.05515511
a4e1c55a9_336,0.035664905
a4e1c55a9_337,-0.060009405
a4e1c55a9_338,-0.046368897
a4e1c55a9_339,-0.050783165
a4e1c55a9_340,0.019977719
a4e1c55a9_341,0.02869373
a4e1c55a9_342,0.063227035
a4e1c55a9_343,-0.026265508
a4e1c55a9_344,-0.1471021
a4e1c55a9_345,-0.03088907
a4e1c55a9_346,-0.0219601
a4e1c55a9_347,-0.012686503
a4e1c55a9_348,-0.100294895
a4e1c55a9_349,0.039304815
a4e1c55a9_350,-0.030522944
a4e1c55a9_351,-0.025918731
a4e1c55a9_352,-0.019039052
a4e1c55a9_353,-0.032670576
a4e1c55a9_354,0.018821118
a4e1c55a9_355,-0.050797753
a4e1c55a9_356,-0.013720465
a4e1c55a9_357,-0.1377002
a4e1c55a9_358,-0.040110167
a4e1c55a9_359,0.059569214
a4e1c55a9_360,0.10564624
a4e1c55a9_361,0.0017352244
a4e1c55a9_362,-0.059058245
a4e1c55a9_363,-0.012741465
a4e1c55a9_364,-0.004829032
a4e1c55a9_365,-0.044850767
a4e1c55a9_366,0.035639994
a4e1c55a9_367,-0.1348649
a4e1c55a9_368,-0.083810486
a4e1c55a9_369,0.07618696
a4e1c55a9_370,-0.029130202
a4e1c55a9_371,0.00625516
a4e1c55a9_372,-0.015740262
a4e1c55a9_373,0.026622359
a4e1c55a9_374,-0.024473382
a4e1c55a9_375,-0.011469694
a4e1c55a9_376,-0.00044573433
a4e1c55a9_377,0.0047080875
a4e1c55a9_378,-0.024673926
a4e1c55a9_379,0.04999521
a4e1c55a9_380,-0.024108078
a4e1c55a9_381,0.024986124
a4e1c55a9_382,0.09929854
a4e1c55a9_383,-0.01603453
c98f79f71_0,-0.05908369
c98f79f71_1,0.038226124
c98f79f71_2,0.007111596
c98f79f71_3,-0.03523423
c98f79f71_4,0.009566322
c98f79f71_5,-0.057609487
c98f79f71_6,0.08521193
c98f79f71_7,-0.07898583
c98f79f71_8,-0.043150444
c98f79f71_9,0.0049380916
c98f79f71_10,-0.0403905
c98f79f71_11,-0.014217658
c98f79f71_12,0.02629309
c98f79f71_13,0.061807767
c98f79f71_14,-0.02963694
c98f79f71_15,0.021717258
c98f79f71_16,0.053586155
c98f79f71_17,0.06821732
c98f79f71_18,0.01058247
c98f79f71_19,0.044009678
c98f79f71_20,0.017649248
c98f79f71_21,-0.0078369845
c98f79f71_22,0.060882125
c98f79f71_23,0.050810937
c98f79f71_24,-0.015009272
c98f79f71_25,-0.043596167
c98f79f71_26,0.05640106
c98f79f71_27,-0.00660358
c98f79f71_28,0.013779919
c98f79f71_29,-0.052467152
c98f79f71_30,0.016672382
c98f79f71_31,0.008492305
c98f79f71_32,-0.054257102
c98f79f71_33,-0.023065882
c98f79f71_34,-0.024141116
c98f79f71_35,0.03340136
c98f79f71_36,0.0085938675
c98f79f71_37,0.04907685
c98f79f71_38,0.032289475
c98f79f71_39,-0.022751208
c98f79f71_40,-0.06212094
c98f79f71_41,0.043633528
c98f79f71_42,0.008568014
c98f79f71_43,0.07866083
c98f79f71_44,-0.05888493
c98f79f71_45,-0.051434427
c98f79f71_46,-0.07244752
c98f79f71_47,-0.04571173
c98f79f71_48,0.056280643
c98f79f71_49,-0.043689266
c98f79f71_50,-0.12645455
c98f79f71_51,-0.10450664
c98f79f71_52,2.1896507e-05
c98f79f71_53,-0.10986524
c98f79f71_54,-0.0545296
c98f79f71_55,0.0153378965
c98f79f71_56,0.017952234
c98f79f71_57,-0.110866345
c98f79f71_58,0.04536673
c98f79f71_59,-0.018721705
c98f79f71_60,-0.05621139
c98f79f71_61,0.0151581755
c98f79f71_62,0.0806879
c98f79f71_63,0.095460005
c98f79f71_64,-0.058126066
c98f79f71_65,0.0027795697
c98f79f71_66,-0.015603492
c98f79f71_67,-0.04865944
c98f79f71_68,-0.021710085
c98f79f71_69,0.020191818
c98f79f71_70,0.05659515
c98f79f71_71,-0.017754106
c98f79f71_72,-0.027309466
c98f79f71_73,-0.14860061
c98f79f71_74,-0.043140393
c98f79f71_75,-0.00060060027
c98f79f71_76,0.03121764
c98f79f71_77,-0.081640825
c98f79f71_78,-0.036476657
c98f79f71_79,-0.0023141576
c98f79f71_80,0.111751996
c98f79f71_81,-0.013529252
c98f79f71_82,-0.001965874
c98f79f71_83,0.05932648
c98f79f71_84,0.039782856
c98f79f71_85,0.021071913
c98f79f71_86,0.0017302532
c98f79f71_87,-0.014401702
c98f79f71_88,-0.09443569
c98f79f71_89,0.023456836
c98f79f71_90,0.08101114
c98f79f71_91,0.04128698
c98f79f71_92,-0.02190294
c98f79f71_93,-0.040402807
c98f79f71_94,0.009331783
c98f79f71_95,-0.009004499
c98f79f71_96,0.027759451
c98f79f71_97,-0.02321427
c98f79f71_98,-0.029644122
c98f79f71_99,0.084891856
c98f79f71_100,0.02726076
c98f79f71_101,-0.098392755
c98f79f71_102,0.09089921
c98f79f71_103,0.06378622
c98f79f71_104,0.060837667
c98f79f71_105,-0.054944586
c98f79f71_106,-0.03502278
c98f79f71_107,0.0101637505
c98f79f71_108,-0.068753295
c98f79f71_109,-0.02002991
c98f79f71_110,-0.024834707
c98f79f71_111,-0.03972357
c98f79f71_112,-0.029868148
c98f79f71_113,0.10582652
c98f79f71_114,0.0513943
c98f79f71_115,0.017671688
c98f79f71_116,-0.007556305
c98f79f71_117,-0.030079136
c98f79f71_118,0.010238476
c98f79f71_119,0.031799123
c98f79f71_120,0.065296486
c98f79f71_121,0.02917523
c98f79f71_122,-0.07103147
c98f79f71_123,-0.0083003035
c98f79f71_124,-0.018928338
c98f79f71_125,0.02693745
c98f79f71_126,-0.08963073
c98f79f71_127,-3.206322e-33
c98f79f71_128,0.105271265
c98f79f71_129,0.082507625
c98f79f71_130,0.04303433
c98f79f71_131,-0.04799975
c98f79f71_132,0.02024514
c98f79f71_133,0.027784942
c98f79f71_134,0.014155177
c98f79f71_135,-0.029445803
c98f79f71_136,-0.003292491
c98f79f71_137,0.023795174
c98f79f71_138,-0.0196172
c98f79f71_139,0.02399688
c98f79f71_140,-0.00034430632
c98f79f71_141,0.11754189
c98f79f71_142,-0.07792809
c98f79f71_143,-0.029411517
c98f79f71_144,0.053682283
c98f79f71_145,0.04026261
c98f79f71_146,-0.014398494
c98f79f71_147,0.0035369447
c98f79f71_148,-0.048587468
c98f79f71_149,0.05581163
c98f79f71_150,-0.021391746
c98f79f71_151,-0.08047629
c98f79f71_152,-0.02915186
c98f79f71_153,0.050256133
c98f79f71_154,-0.044837974
c98f79f71_155,-0.019756226
c98f79f71_156,0.022905322
c98f79f71_157,0.05814985
c98f79f71_158,-0.02305843
c98f79f71_159,-0.024149252
c98f79f71_160,0.007784675
c98f79f71_161,0.035332378
c98f79f71_162,-0.05214651
c98f79f71_163,-0.055475835
c98f79f71_164,-0.02251064
c98f79f71_165,-0.140354
c98f79f71_166,0.058671746
c98f79f71_167,0.057986896
c98f79f71_168,-0.026448742
c98f79f71_169,0.03424141
c98f79f71_170,0.008332136
c98f79f71_171,0.053343024
c98f79f71_172,-0.04668525
c98f79f71_173,0.021049596
c98f79f71_174,0.011404786
c98f79f71_175,0.042202078
c98f79f71_176,-0.06651762
c98f79f71_177,0.07759867
c98f79f71_178,-0.05492784
c98f79f71_179,0.071595274
c98f79f71_180,-0.01794852
c98f79f71_181,-0.043515846
c98f79f71_182,-0.08121404
c98f79f71_183,-0.022334294
c98f79f71_184,0.0199528
c98f79f71_185,-0.081942454
c98f79f71_186,-0.025923967
c98f79f71_187,-0.058571227
c98f79f71_188,0.035156254
c98f79f71_189,0.03546067
c98f79f71_190,0.005225022
c98f79f71_191,-0.052713197
c98f79f71_192,0.08768478
c98f79f71_193,-0.04946738
c98f79f71_194,-0.092419244
c98f79f71_195,-0.021336474
c98f79f71_196,-0.0214876
c98f79f71_197,0.023893902
c98f79f71_198,0.018997632
c98f79f71_199,0.03039177
c98f79f71_200,-0.0037144413
c98f79f71_201,-0.05612351
c98f79f71_202,-0.023530532
c98f79f71_203,-0.023066672
c98f79f71_204,0.07111823
c98f79f71_205,-0.048999663
c98f79f71_206,-0.11652306
c98f79f71_207,0.048675604
c98f79f71_208,-0.0853621
c98f79f71_209,0.018272543
c98f79f71_210,-0.04976548
c98f79f71_211,-0.05108609
c98f79f71_212,-0.011182948
c98f79f71_213,0.05854171
c98f79f71_214,0.09082389
c98f79f71_215,-0.0069655315
c98f79f71_216,0.03514238
c98f79f71_217,0.035465024
c98f79f71_218,-0.011063015
c98f79f71_219,-0.058973175
c98f79f71_220,-0.011646071
c98f79f71_221,-0.033487994
c98f79f71_222,-0.07321896
c98f79f71_223,1.1425309e-33
c98f79f71_224,0.0036397844
c98f79f71_225,0.03751807
c98f79f71_226,0.082672484
c98f79f71_227,0.045684118
c98f79f71_228,0.043416277
c98f79f71_229,-0.030434152
c98f79f71_230,0.016668372
c98f79f71_231,0.12661031
c98f79f71_232,-0.0007151074
c98f79f71_233,2.4001447e-05
c98f79f71_234,-0.037869733
c98f79f71_235,0.04053748
c98f79f71_236,0.009471292
c98f79f71_237,-0.115815766
c98f79f71_238,0.09846795
c98f79f71_239,-0.026852977
c98f79f71_240,0.05421461
c98f79f71_241,-0.012988184
c98f79f71_242,-0.058766317
c98f79f71_243,0.022668391
c98f79f71_244,-0.008560935
c98f79f71_245,0.029010152
c98f79f71_246,0.09704847
c98f79f71_247,-0.009310983
c98f79f71_248,-0.012945064
c98f79f71_249,0.029494395
c98f79f71_250,-0.015186032
c98f79f71_251,-0.038318817
c98f79f71_252,-0.012521032
c98f79f71_253,0.036866203
c98f79f71_254,-0.0045449627
c98f79f71_255,-0.050204743
c98f79f71_256,0.030482149
c98f79f71_257,0.026809482
c98f79f71_258,0.022939784
c98f79f71_259,0.01869723
c98f79f71_260,-0.00219061
c98f79f71_261,-0.08944494
c98f79f71_262,0.053391624
c98f79f71_263,0.055759866
c98f79f71_264,0.012809775
c98f79f71_265,-0.042792942
c98f79f71_266,0.09970592
c98f79f71_267,0.06905793
c98f79f71_268,0.032156296
c98f79f71_269,0.00062174443
c98f79f71_270,-0.035808578
c98f79f71_271,0.049228154
c98f79f71_272,0.015628349
c98f79f71_273,-0.068381034
c98f79f71_274,-0.07702213
c98f79f71_275,-0.012987069
c98f79f71_276,0.08168638
c98f79f71_277,0.037076905
c98f79f71_278,0.058926735
c98f79f71_279,-0.027161032
c98f79f71_280,-0.008054869
c98f79f71_281,-0.00052008545
c98f79f71_282,0.0115586845
c98f79f71_283,0.05074623
c98f79f71_284,0.01603612
c98f79f71_285,0.015404614
c98f79f71_286,-0.09303408
c98f79f71_287,-0.059114337
c98f79f71_288,-0.05979998
c98f79f71_289,-0.026362732
c98f79f71_290,-0.01364641
c98f79f71_291,-0.042279314
c98f79f71_292,0.012361299
c98f79f71_293,0.05573613
c98f79f71_294,0.004715281
c98f79f71_295,0.038345944
c98f79f71_296,-0.014459474
c98f79f71_297,0.050504286
c98f79f71_298,0.0020763192
c98f79f71_299,0.018195668
c98f79f71_300,-0.040741656
c98f79f71_301,-0.0312928
c98f79f71_302,0.08398246
c98f79f71_303,-0.053301726
c98f79f71_304,0.0011866714
c98f79f71_305,0.012390164
c98f79f71_306,-0.011378619
c98f79f71_307,-0.013542662
c98f79f71_308,0.09517636
c98f79f71_309,-0.00046172377
c98f79f71_310,-0.055079646
c98f79f71_311,0.020400444
c98f79f71_312,0.012237158
c98f79f71_313,-0.074461654
c98f79f71_314,0.052057844
c98f79f71_315,0.08704616
c98f79f71_316,-0.008500739
c98f79f71_317,0.001121855
c98f79f71_318,0.06613728
c98f79f71_319,-1.9875056e-08
c98f79f71_320,0.042455662
c98f79f71_321,-0.011628936
c98f79f71_322,0.0602306
c98f79f71_323,-0.047350373
c98f79f71_324,0.0056280466
c98f79f71_325,0.00018823992
c98f79f71_326,0.07975948
c98f79f71_327,-0.13499808
c98f79f71_328,-0.019557184
c98f79f71_329,0.03155073
c98f79f71_330,-0.011959973
c98f79f71_331,-0.02105984
c98f79f71_332,0.10589088
c98f79f71_333,0.004804636
c98f79f71_334,-0.056244493
c98f79f71_335,0.0682295
c98f79f71_336,0.03876977
c98f79f71_337,0.024146324
c98f79f71_338,0.014003916
c98f79f71_339,-0.06288803
c98f79f71_340,0.0069392864
c98f79f71_341,-0.022631418
c98f79f71_342,-0.026425352
c98f79f71_343,-0.05755259
c98f79f71_344,-0.11375808
c98f79f71_345,0.056331232
c98f79f71_346,0.0046890746
c98f79f71_347,-0.028859962
c98f79f71_348,-0.044411596
c98f79f71_349,0.020501478
c98f79f71_350,-0.07174451
c98f79f71_351,0.038596608
c98f79f71_352,-0.06740909
c98f79f71_353,-0.042549085
c98f79f71_354,0.052344706
c98f79f71_355,0.0039550303
c98f79f71_356,-0.103821374
c98f79f71_357,-0.0647198
c98f79f71_358,-0.038278483
c98f79f71_359,-0.00047834634
c98f79f71_360,0.03482047
c98f79f71_361,0.06895716
c98f79f71_362,0.020743147
c98f79f71_363,0.033769876
c98f79f71_364,0.023283778
c98f79f71_365,0.021815889
c98f79f71_366,0.12947832
c98f79f71_367,-0.0634264
c98f79f71_368,-0.06300369
c98f79f71_369,0.08571766
c98f79f71_370,-0.002867385
c98f79f71_371,-0.052354
c98f79f71_372,0.037498128
c98f79f71_373,0.060408514
c98f79f71_374,-0.008380928
c98f79f71_375,-0.0804258
c98f79f71_376,0.026447657
c98f79f71_377,0.07332404
c98f79f71_378,-0.08318852
c98f79f71_379,0.015308904
c98f79f71_380,0.06053561
c98f79f71_381,0.057190973
c98f79f71_382,-0.042329956
c98f79f71_383,-0.031364206
d8edf2e40_0,0.025009584
d8edf2e40_1,0.092583984
d8edf2e40_2,0.032007568
d8edf2e40_3,0.061145876
d8edf2e40_4,-0.017960895
d8edf2e40_5,0.112100616
d8edf2e40_6,0.046536356
d8edf2e40_7,-0.0072523886
d8edf2e40_8,0.038864408
d8edf2e40_9,0.009582195
d8edf2e40_10,-0.050762147
d8edf2e40_11,0.0133752
d8edf2e40_12,-0.02971713
d8edf2e40_13,0.016680613
d8edf2e40_14,-0.0014490299
d8edf2e40_15,0.039696373
d8edf2e40_16,-0.055083796
d8edf2e40_17,0.07179151
d8edf2e40_18,-0.07542915
d8edf2e40_19,0.059083316
d8edf2e40_20,0.01796739
d8edf2e40_21,0.028940016
d8edf2e40_22,-0.02526213
d8edf2e40_23,0.051664777
d8edf2e40_24,-0.06468667
d8edf2e40_25,0.017487207
d8edf2e40_26,0.017271718
d8edf2e40_27,0.062364623
d8edf2e40_28,0.047698062
d8edf2e40_29,0.00022093332
d8edf2e40_30,0.058251392
d8edf2e40_31,-0.0035003661
d8edf2e40_32,0.095391944
d8edf2e40_33,-0.0067573274
d8edf2e40_34,-0.03591409
d8edf2e40_35,0.05039823
d8edf2e40_36,0.0061837286
d8edf2e40_37,-0.0967882
d8edf2e40_38,-0.02254612
d8edf2e40_39,0.0007408303
d8edf2e40_40,0.072025836
d8edf2e40_41,-0.038279004
d8edf2e40_42,0.016452143
d8edf2e40_43,0.053315468
d8edf2e40_44,0.014020511
d8edf2e40_45,0.023221966
d8edf2e40_46,0.109615445
d8edf2e40_47,-0.020895723
d8edf2e40_48,-0.023980826
d8edf2e40_49,-0.032464318
d8edf2e40_50,-0.040583856
d8edf2e40_51,-0.05245388
d8edf2e40_52,-0.06239498
d8edf2e40_53,-0.0069535417
d8edf2e40_54,-0.045594197
d8edf2e40_55,0.05708559
d8edf2e40_56,0.056594256
d8edf2e40_57,-0.032393
d8edf2e40_58,0.07085933
d8edf2e40_59,-0.0935166
d8edf2e40_60,0.01752183
d8edf2e40_61,-0.01311998
d8edf2e40_62,0.06049191
d8edf2e40_63,0.0124445055
d8edf2e40_64,-0.07310641
d8edf2e40_65,-0.0031600439
d8edf2e40_66,-0.119718134
d8edf2e40_67,-0.029378152
d8edf2e40_68,0.05483528
d8edf2e40_69,-0.11404338
d8edf2e40_70,0.07822453
d8edf2e40_71,0.019336794
d8edf2e40_72,-0.05864173
d8edf2e40_73,-0.058420386
d8edf2e40_74,-0.026026271
d8edf2e40_75,-0.036625557
d8edf2e40_76,0.06286078
d8edf2e40_77,0.086800225
d8edf2e40_78,0.027705926
d8edf2e40_79,0.0055658193
d8edf2e40_80,0.044074897
d8edf2e40_81,-0.039474424
d8edf2e40_82,-0.07870239
d8edf2e40_83,0.029943153
d8edf2e40_84,-0.0046798023
d8edf2e40_85,-0.004324776
d8edf2e40_86,-0.014583784
d8edf2e40_87,0.047131065
d8edf2e40_88,-0.06463708
d8edf2e40_89,-0.029279968
d8edf2e40_90,-0.027827494
d8edf2e40_91,-0.0058686268
d8edf2e40_92,-0.065109335
d8edf2e40_93,-0.03691722
d8edf2e40_94,-0.037802637
d8edf2e40_95,-0.017478717
d8edf2e40_96,-0.022734836
d8edf2e40_97,-0.088734895
d8edf2e40_98,-0.007368675
d8edf2e40_99,0.007966338
d8edf2e40_100,0.05309411
d8edf2e40_101,0.022197528
d8edf2e40_102,-0.016888939
d8edf2e40_103,0.06425047
d8edf2e40_104,-0.017654758
d8edf2e40_105,-0.092912994
d8edf2e40_106,0.025090517
d8edf2e40_107,-0.00063113007
d8edf2e40_108,-0.0075735073
d8edf2e40_109,-0.06688055
d8edf2e40_110,0.07734867
d8edf2e40_111,-0.05979691
d8edf2e40_112,-0.037180096
d8edf2e40_113,0.072728224
d8edf2e40_114,-0.08512313
d8edf2e40_115,-0.020485628
d8edf2e40_116,-0.02990122
d8edf2e40_117,-0.07891938
d8edf2e40_118,-0.0062873606
d8edf2e40_119,-0.0040977104
d8edf2e40_120,0.07248133
d8edf2e40_121,-0.012953577
d8edf2e40_122,0.06980456
d8edf2e40_123,0.003444433
d8edf2e40_124,-0.029833954
d8edf2e40_125,-0.061271496
d8edf2e40_126,0.0787159
d8edf2e40_127,-3.5470586e-33
d8edf2e40_128,-0.039480433
d8edf2e40_129,0.005583912
d8edf2e40_130,0.03084181
d8edf2e40_131,0.0046527367
d8edf2e40_132,0.042856596
d8edf2e40_133,-0.01949654
d8edf2e40_134,0.020683203
d8edf2e40_135,0.06797768
d8edf2e40_136,-0.019358391
d8edf2e40_137,-0.060936324
d8edf2e40_138,-0.025805809
d8edf2e40_139,0.06589675
d8edf2e40_140,0.02674796
d8edf2e40_141,0.10815737
d8edf2e40_142,-0.11413419
d8edf2e40_143,-0.006836371
d8edf2e40_144,0.06911123
d8edf2e40_145,-0.0028915459
d8edf2e40_146,-0.064913295
d8edf2e40_147,0.036696505
d8edf2e40_148,-0.0071743964
d8edf2e40_149,0.026209394
d8edf2e40_150,-0.068775855
d8edf2e40_151,0.002669465
d8edf2e40_152,-0.01683505
d8edf2e40_153,0.022897812
d8edf2e40_154,-0.031101959
d8edf2e40_155,-0.017820794
d8edf2e40_156,0.0033324186
d8edf2e40_157,-0.008148887
d8edf2e40_158,0.012158088
d8edf2e40_159,0.02573759
d8edf2e40_160,0.027930968
d8edf2e40_161,0.004974501
d8edf2e40_162,-0.035526615
d8edf2e40_163,-0.040516857
d8edf2e40_164,-0.10082906
d8edf2e40_165,-0.008463728
d8edf2e40_166,-0.01578181
d8edf2e40_167,0.02899953
d8edf2e40_168,-0.04701834
d8edf2e40_169,0.051844273
d8edf2e40_170,0.049549606
d8edf2e40_171,0.07617813
d8edf2e40_172,-0.008416128
d8edf2e40_173,0.0015529636
d8edf2e40_174,0.0066432436
d8edf2e40_175,0.00082663447
d8edf2e40_176,0.14903046
d8edf2e40_177,0.061068732
d8edf2e40_178,-0.02853848
d8edf2e40_179,0.035385136
d8edf2e40_180,0.061641842
d8edf2e40_181,0.051685978
d8edf2e40_182,0.038762443
d8edf2e40_183,-0.03679679
d8edf2e40_184,-0.014119447
d8edf2e40_185,0.04719127
d8edf2e40_186,-0.017470542
d8edf2e40_187,-0.03722381
d8edf2e40_188,0.015623721
d8edf2e40_189,0.05445897
d8edf2e40_190,-0.05247205
d8edf2e40_191,0.045283183
d8edf2e40_192,0.0652464
d8edf2e40_193,0.06963975
d8edf2e40_194,-0.067368925
d8edf2e40_195,0.020945279
d8edf2e40_196,-0.033366166
d8edf2e40_197,0.08075026
d8edf2e40_198,0.039414164
d8edf2e40_199,-0.007886568
d8edf2e40_200,-0.04807979
d8edf2e40_201,-0.008424068
d8edf2e40_202,-0.14716734
d8edf2e40_203,0.02563588
d8edf2e40_204,0.10907047
d8edf2e40_205,0.017620454
d8edf2e40_206,0.05279439
d8edf2e40_207,0.017782943
d8edf2e40_208,-0.024372019
d8edf2e40_209,-0.024489155
d8edf2e40_210,0.00026808048
d8edf2e40_211,-0.05801496
d8edf2e40_212,-0.0847649
d8edf2e40_213,0.045189675
d8edf2e40_214,-0.042097718
d8edf2e40_215,0.022917861
d8edf2e40_216,-0.04020343
d8edf2e40_217,0.020004315
d8edf2e40_218,0.024457943
d8edf2e40_219,0.015608648
d8edf2e40_220,0.030918555
d8edf2e40_221,-0.11108392
d8edf2e40_222,-0.05546387
d8edf2e40_223,1.04661545e-33
d8edf2e40_224,0.016206112
d8edf2e40_225,-0.03191084
d8edf2e40_226,-0.0071758567
d8edf2e40_227,0.021387344
d8edf2e40_228,0.07722358
d8edf2e40_229,0.042298045
d8edf2e40_230,-0.09576219
d8edf2e40_231,-0.017011987
d8edf2e40_232,-0.10573428
d8edf2e40_233,0.017010773
d8edf2e40_234,-0.0054281726
d8edf2e40_235,0.025735307
d8edf2e40_236,0.020492818
d8edf2e40_237,-0.0057161646
d8edf2e40_238,-0.02529732
d8edf2e40_239,0.049921077
d8edf2e40_240,0.021843918
d8edf2e40_241,0.0862082
d8edf2e40_242,-0.007150284
d8edf2e40_243,0.049849305
d8edf2e40_244,-0.0762082
d8edf2e40_245,0.09297439
d8edf2e40_246,-0.045951124
d8edf2e40_247,-0.06142396
d8edf2e40_248,-0.11187721
d8edf2e40_249,0.025264416
d8edf2e40_250,0.12364323
d8edf2e40_251,-0.031502403
d8edf2e40_252,-0.046020716
d8edf2e40_253,-0.058290437
d8edf2e40_254,-0.019558161
d8edf2e40_255,-0.047512297
d8edf2e40_256,-0.045054056
d8edf2e40_257,-0.02744833
d8edf2e40_258,-0.019777337
d8edf2e40_259,0.0024435779
d8edf2e40_260,-0.0064377375
d8edf2e40_261,-0.09979589
d8edf2e40_262,-0.038627975
d8edf2e40_263,0.07497142
d8edf2e40_264,0.061821155
d8edf2e40_265,-0.011080687
d8edf2e40_266,0.048296086
d8edf2e40_267,0.06450185
d8edf2e40_268,0.06662385
d8edf2e40_269,-0.0823721
d8edf2e40_270,-0.15209357
d8edf2e40_271,0.10776082
d8edf2e40_272,-0.026164562
d8edf2e40_273,0.07729796
d8edf2e40_274,-0.048499756
d8edf2e40_275,0.008567193
d8edf2e40_276,0.023310306
d8edf2e40_277,0.031185776
d8edf2e40_278,-0.02410899
d8edf2e40_279,-0.05719329
d8edf2e40_280,-0.02230398
d8edf2e40_281,-0.017399788
d8edf2e40_282,0.029435083
d8edf2e40_283,-0.038978204
d8edf2e40_284,-0.024365218
d8edf2e40_285,-0.07166626
d8edf2e40_286,0.0048948578
d8edf2e40_287,-0.0121529605
d8edf2e40_288,-0.000986483
d8edf2e40_289,-0.034617994
d8edf2e40_290,0.0021192967
d8edf2e40_291,0.113626085
d8edf2e40_292,-0.15395746
d8edf2e40_293,0.10604962
d8edf2e40_294,0.042889
d8edf2e40_295,-0.019304503
d8edf2e40_296,-0.0059009455
d8edf2e40_297,-0.038273763
d8edf2e40_298,0.00022791435
d8edf2e40_299,0.066566914
d8edf2e40_300,-0.0032800878
d8edf2e40_301,-0.020216495
d8edf2e40_302,0.045944538
d8edf2e40_303,-0.058060877
d8edf2e40_304,-0.0780845
d8edf2e40_305,0.029006472
d8edf2e40_306,0.015695916
d8edf2e40_307,-0.007281877
d8edf2e40_308,-0.02362317
d8edf2e40_309,-0.00124069
d8edf2e40_310,-0.100570485
d8edf2e40_311,0.021009734
d8edf2e40_312,-0.01656017
d8edf2e40_313,-0.001132672
d8edf2e40_314,-0.07608572
d8edf2e40_315,0.038094442
d8edf2e40_316,0.004889505
d8edf2e40_317,-0.05994147
d8edf2e40_318,0.02253725
d8edf2e40_319,-2.2338606e-08
d8edf2e40_320,-0.04725801
d8edf2e40_321,-0.0067534614
d8edf2e40_322,-0.029594284
d8edf2e40_323,-0.047020674
d8edf2e40_324,-0.03915663
d8edf2e40_325,0.06594219
d8edf2e40_326,0.03966379
d8edf2e40_327,-0.06323358
d8edf2e40_328,-0.042701766
d8edf2e40_329,-0.025607489
d8edf2e40_330,-0.06196521
d8edf2e40_331,0.027228573
d8edf2e40_332,0.06977983
d8edf2e40_333,-0.036103502
d8edf2e40_334,0.011138452
d8edf2e40_335,0.00788472
d8edf2e40_336,0.012983533
d8edf2e40_337,0.016580567
d8edf2e40_338,-0.011199256
d8edf2e40_339,0.008496231
d8edf2e40_340,0.01998113
d8edf2e40_341,0.06322303
d8edf2e40_342,0.050318867
d8edf2e40_343,-0.086447954
d8edf2e40_344,-0.041109703
d8edf2e40_345,0.047386397
d8edf2e40_346,0.021883463
d8edf2e40_347,0.07529724
d8edf2e40_348,-0.07514197
d8edf2e40_349,-0.038516507
d8edf2e40_350,0.09693415
d8edf2e40_351,0.016824864
d8edf2e40_352,0.0063764695
d8edf2e40_353,0.00031755344
d8edf2e40_354,0.0026664
d8edf2e40_355,0.021251133
d8edf2e40_356,0.103516154
d8edf2e40_357,0.002857455
d8edf2e40_358,-0.05920162
d8edf2e40_359,-0.04970162
d8edf2e40_360,-0.031626575
d8edf2e40_361,0.023354355
d8edf2e40_362,-0.03567098
d8edf2e40_363,0.04124038
d8edf2e40_364,-0.047606837
d8edf2e40_365,0.019416766
d8edf2e40_366,0.083561555
d8edf2e40_367,0.004265571
d8edf2e40_368,-0.016315809
d8edf2e40_369,0.061389852
d8edf2e40_370,-0.055335514
d8edf2e40_371,-0.05424464
d8edf2e40_372,-0.03289678
d8edf2e40_373,0.007565943
d8edf2e40_374,-0.04334217
d8edf2e40_375,-0.0033962606
d8edf2e40_376,0.037793986
d8edf2e40_377,0.071886055
d8edf2e40_378,0.024616893
d8edf2e40_379,0.056666087
d8edf2e40_380,0.030822095
d8edf2e40_381,-0.032585718
d8edf2e40_382,-0.046559483
d8edf2e40_383,0.06208586
f27825b2c_0,-0.057937235
f27825b2c_1,0.085995644
f27825b2c_2,0.06753584
f27825b2c_3,-0.048180677
f27825b2c_4,-0.07496826
f27825b2c_5,-0.018878382
f27825b2c_6,0.12421346
f27825b2c_7,-0.044819918
f27825b2c_8,0.008406224
f27825b2c_9,-0.06474089
f27825b2c_10,-0.05004563
f27825b2c_11,-0.005719653
f27825b2c_12,-0.018621517
f27825b2c_13,0.009016277
f27825b2c_14,-0.0016510613
f27825b2c_15,0.0030454425
f27825b2c_16,0.11265789
f27825b2c_17,0.036781438
f27825b2c_18,0.083724074
f27825b2c_19,-0.097874194
f27825b2c_20,0.021824593
f27825b2c_21,0.01935955
f27825b2c_22,0.10631882
f27825b2c_23,0.014851856
f27825b2c_24,-0.0010784466
f27825b2c_25,0.0008256912
f27825b2c_26,-0.009439249
f27825b2c_27,-0.0071246275
f27825b2c_28,-0.0031552818
f27825b2c_29,-0.01090038
f27825b2c_30,-0.09699105
f27825b2c_31,-0.017100262
f27825b2c_32,0.01799269
f27825b2c_33,0.025321398
f27825b2c_34,-0.018206071
f27825b2c_35,-0.06991036
f27825b2c_36,-0.023859855
f27825b2c_37,0.072802186
f27825b2c_38,0.04621234
f27825b2c_39,0.01853874
f27825b2c_40,0.023870224
f27825b2c_41,-0.04862395
f27825b2c_42,-0.020237532
f27825b2c_43,-0.05889236
f27825b2c_44,-0.010862733
f27825b2c_45,0.005152236
f27825b2c_46,-0.0318514
f27825b2c_47,0.008591647
f27825b2c_48,-0.020479837
f27825b2c_49,0.06371509
f27825b2c_50,-0.052052125
f27825b2c_51,-0.032310233
f27825b2c_52,0.06854037
f27825b2c_53,-0.03027319
f27825b2c_54,0.0728145
f27825b2c_55,0.023741134
f27825b2c_56,-0.009645093
f27825b2c_57,-0.024731513
f27825b2c_58,0.042780053
f27825b2c_59,0.11390424
f27825b2c_60,-0.077508934
f27825b2c_61,-0.020943165
f27825b2c_62,0.031473022
f27825b2c_63,0.08884936
f27825b2c_64,0.02514112
f27825b2c_65,-0.027445894
f27825b2c_66,-0.10201297
f27825b2c_67,0.057935722
f27825b2c_68,-0.1035867
f27825b2c_69,0.040277872
f27825b2c_70,-0.10260311
f27825b2c_71,0.022480711
f27825b2c_72,0.06488009
f27825b2c_73,0.04585903
f27825b2c_74,-0.0014134103
f27825b2c_75,-0.021646965
f27825b2c_76,0.06591799
f27825b2c_77,-0.035556633
f27825b2c_78,-0.008489699
f27825b2c_79,0.07762907
f27825b2c_80,-0.028391588
f27825b2c_81,-0.03985794
f27825b2c_82,-0.06956766
f27825b2c_83,-0.0050697722
f27825b2c_84,-0.048916586
f27825b2c_85,-0.08462272
f27825b2c_86,0.022481123
f27825b2c_87,-0.02650915
f27825b2c_88,-0.007209442
f27825b2c_89,-0.09354379
f27825b2c_90,-0.105366
f27825b2c_91,-0.005431691
f27825b2c_92,-0.051063094
f27825b2c_93,0.035179943
f27825b2c_94,0.005873306
f27825b2c_95,-0.01735772
f27825b2c_96,-0.02709123
f27825b2c_97,0.0011643223
f27825b2c_98,-0.10029182
f27825b2c_99,0.069383144
f27825b2c_100,0.030505942
f27825b2c_101,0.015060813
f27825b2c_102,0.084542654
f27825b2c_103,-0.06271077
f27825b2c_104,0.007791134
f27825b2c_105,-0.10881263
f27825b2c_106,-0.027465614
f27825b2c_107,-0.031985335
f27825b2c_108,0.04356789
f27825b2c_109,0.0071698097
f27825b2c_110,-0.021666085
f27825b2c_111,-0.03992026
f27825b2c_112,0.07273775
f27825b2c_113,-0.028377766
f27825b2c_114,0.022943594
f27825b2c_115,-0.07700548
f27825b2c_116,-0.004514764
f27825b2c_117,0.024985185
f27825b2c_118,-0.00014401341
f27825b2c_119,-0.049577445
f27825b2c_120,0.07522539
f27825b2c_121,0.015101327
f27825b2c_122,-0.02565014
f27825b2c_123,0.06254203
f27825b2c_124,-0.014050584
f27825b2c_125,0.014287211
f27825b2c_126,0.05843957
f27825b2c_127,-7.0401808e-34
f27825b2c_128,0.018147826
f27825b2c_129,0.07778653
f27825b2c_130,0.064868435
f27825b2c_131,0.072525285
f27825b2c_132,0.06431517
f27825b2c_133,-0.03182384
f27825b2c_134,-0.022380078
f27825b2c_135,-0.023049094
f27825b2c_136,-0.03979263
f27825b2c_137,0.10132315
f27825b2c_138,-0.027355505
f27825b2c_139,-0.037319623
f27825b2c_140,-0.022289442
f27825b2c_141,0.028251747
f27825b2c_142,-0.040068924
f27825b2c_143,0.073342375
f27825b2c_144,0.009331674
f27825b2c_145,0.027301533
f27825b2c_146,0.057091042
f27825b2c_147,-0.041150145
f27825b2c_148,-0.008903752
f27825b2c_149,0.07908115
f27825b2c_150,-0.024166208
f27825b2c_151,0.05978152
f27825b2c_152,0.011405835
f27825b2c_153,0.021200588
f27825b2c_154,0.048736934
f27825b2c_155,-0.076011494
f27825b2c_156,0.00048278068
f27825b2c_157,0.003769154
f27825b2c_158,0.011247614
f27825b2c_159,0.0567699
f27825b2c_160,0.057758294
f27825b2c_161,0.051391788
f27825b2c_162,-0.019373469
f27825b2c_163,0.0069353417
f27825b2c_164,-0.07804423
f27825b2c_165,0.005469595
f27825b2c_166,-0.06184451
f27825b2c_167,-0.0072220443
f27825b2c_168,-0.033037316
f27825b2c_169,-0.03725648
f27825b2c_170,0.028709315
f27825b2c_171,-0.0066457684
f27825b2c_172,-0.055808246
f27825b2c_173,0.06784519
f27825b2c_174,0.032448366
f27825b2c_175,0.041301146
f27825b2c_176,0.041991737
f27825b2c_177,0.03413036
f27825b2c_178,0.012957508
f27825b2c_179,-0.0020012301
f27825b2c_180,0.015986038
f27825b2c_181,0.10524462
f27825b2c_182,0.02658483
f27825b2c_183,-0.09167629
f27825b2c_184,0.05930959
f27825b2c_185,-0.055060763
f27825b2c_186,0.04187987
f27825b2c_187,-0.025678637
f27825b2c_188,-0.04704355
f27825b2c_189,0.009203442
f27825b2c_190,-0.059055224
f27825b2c_191,-0.059408605
f27825b2c_192,-0.05423813
f27825b2c_193,-0.10895317
f27825b2c_194,-0.09371766
f27825b2c_195,-0.042962313
f27825b2c_196,0.01558131
f27825b2c_197,0.0026700774
f27825b2c_198,0.07505942
f27825b2c_199,0.12116344
f27825b2c_200,-0.067208245
f27825b2c_201,-0.018268587
f27825b2c_202,-0.06605653
f27825b2c_203,0.028004004
f27825b2c_204,0.0050846324
f27825b2c_205,0.05425358
f27825b2c_206,0.019882359
f27825b2c_207,-0.02946791
f27825b2c_208,0.12515794
f27825b2c_209,-0.09485213
f27825b2c_210,0.045311134
f27825b2c_211,-0.0906313
f27825b2c_212,-0.0031578476
f27825b2c_213,0.039558236
f27825b2c_214,-0.047013402
f27825b2c_215,-0.020998254
f27825b2c_216,0.059578538
f27825b2c_217,0.003352243
f27825b2c_218,-0.11226645
f27825b2c_219,-0.055892926
f27825b2c_220,0.042083785
f27825b2c_221,0.07007518
f27825b2c_222,0.010242086
f27825b2c_223,-1.7050194e-35
f27825b2c_224,-0.0013871203
f27825b2c_225,0.03319451
f27825b2c_226,0.029998003
f27825b2c_227,0.12061889
f27825b2c_228,0.09390687
f27825b2c_229,0.0027474125
f27825b2c_230,0.02231786
f27825b2c_231,-0.025211
f27825b2c_232,0.012979304
f27825b2c_233,-0.07628458
f27825b2c_234,-0.04767759
f27825b2c_235,-0.00804631
f27825b2c_236,0.06201531
f27825b2c_237,-0.042077184
f27825b2c_238,0.09213075
f27825b2c_239,0.06255537
f27825b2c_240,0.06152288
f27825b2c_241,-0.007046077
f27825b2c_242,0.028189829
f27825b2c_243,-0.0074512633
f27825b2c_244,-0.029657008
f27825b2c_245,0.055127967
f27825b2c_246,-0.10932492
f27825b2c_247,0.04207494
f27825b2c_248,-0.08019485
f27825b2c_249,0.0898446
f27825b2c_250,0.06360102
f27825b2c_251,-0.07818801
f27825b2c_252,-0.051223516
f27825b2c_253,0.009120808
f27825b2c_254,-0.077592105
f27825b2c_255,-0.0586858
f27825b2c_256,-0.008186707
f27825b2c_257,0.011421743
f27825b2c_258,0.026738526
f27825b2c_259,0.029452
f27825b2c_260,-0.08587129
f27825b2c_261,0.007905387
f27825b2c_262,-0.079027936
f27825b2c_263,0.024872698
f27825b2c_264,-0.017242825
f27825b2c_265,0.05449356
f27825b2c_266,0.045665372
f27825b2c_267,0.023146814
f27825b2c_268,-0.0004187191
f27825b2c_269,-0.012676234
f27825b2c_270,-0.03800799
f27825b2c_271,-0.097669065
f27825b2c_272,0.03555102
f27825b2c_273,0.006291965
f27825b2c_274,-0.058131564
f27825b2c_275,-0.02829775
f27825b2c_276,0.00079732033
f27825b2c_277,-0.035960253
f27825b2c_278,-0.025901213
f27825b2c_279,0.061951127
f27825b2c_280,0.0065855645
f27825b2c_281,0.020238828
f27825b2c_282,0.017130138
f27825b2c_283,-0.064589314
f27825b2c_284,-0.05190361
f27825b2c_285,-0.02963902
f27825b2c_286,0.039240085
f27825b2c_287,0.009735442
f27825b2c_288,-0.029327752
f27825b2c_289,-0.047017418
f27825b2c_290,0.040014397
f27825b2c_291,0.06661267
f27825b2c_292,0.01551449
f27825b2c_293,-0.048320208
f27825b2c_294,0.028703235
f27825b2c_295,0.057239596
f27825b2c_296,-0.007192278
f27825b2c_297,-0.09523645
f27825b2c_298,-0.0009660571
f27825b2c_299,0.03471232
f27825b2c_300,0.01975797
f27825b2c_301,-0.010094754
f27825b2c_302,-0.018017765
f27825b2c_303,0.04269562
f27825b2c_304,-0.009970347
f27825b2c_305,0.009919237
f27825b2c_306,0.036727086
f27825b2c_307,0.0687285
f27825b2c_308,0.014333218
f27825b2c_309,0.07101012
f27825b2c_310,0.015763348
f27825b2c_311,-0.009380688
f27825b2c_312,0.012753469
f27825b2c_313,0.053575736
f27825b2c_314,-0.02144657
f27825b2c_315,0.08279294
f27825b2c_316,-0.001018381
f27825b2c_317,0.0033231147
f27825b2c_318,0.05348706
f27825b2c_319,-2.8995153e-08
f27825b2c_320,0.039791018
f27825b2c_321,-0.08128123
f27825b2c_322,-0.08628281
f27825b2c_323,-0.019334083
f27825b2c_324,0.047872696
f27825b2c_325,-0.056268904
f27825b2c_326,-0.021025306
f27825b2c_327,-0.0009826779
f27825b2c_328,-0.045310743
f27825b2c_329,-0.014680023
f27825b2c_330,-0.007803929
f27825b2c_331,0.05378705
f27825b2c_332,-0.06723674
f27825b2c_333,0.022562414
f27825b2c_334,0.011164436
f27825b2c_335,0.0133711025
f27825b2c_336,0.01743392
f27825b2c_337,0.012301076
f27825b2c_338,-0.023683745
f27825b2c_339,-0.028024174
f27825b2c_340,-0.013986532
f27825b2c_341,0.0098307915
f27825b2c_342,0.042339753
f27825b2c_343,0.007736869
f27825b2c_344,-0.026567623
f27825b2c_345,0.01433631
f27825b2c_346,2.2479331e-05
f27825b2c_347,0.07124877
f27825b2c_348,0.09008094
f27825b2c_349,0.082729414
f27825b2c_350,-0.043895543
f27825b2c_351,0.02022715
f27825b2c_352,-0.09682694
f27825b2c_353,-0.011387192
f27825b2c_354,0.060425755
f27825b2c_355,-0.01144219
f27825b2c_356,-0.0262416
f27825b2c_357,-0.037293926
f27825b2c_358,0.057311255
f27825b2c_359,0.012477891
f27825b2c_360,-0.07003942
f27825b2c_361,-0.04684719
f27825b2c_362,0.0029497235
f27825b2c_363,0.0022698615
f27825b2c_364,-0.11540209
f27825b2c_365,0.020564532
f27825b2c_366,-0.06963815
f27825b2c_367,-0.07283941
f27825b2c_368,-0.084196225
f27825b2c_369,0.0726873
f27825b2c_370,-0.09756554
f27825b2c_371,0.016690424
f27825b2c_372,-0.037789073
f27825b2c_373,0.0631399
f27825b2c_374,0.107697606
f27825b2c_375,-0.03932966
f27825b2c_376,0.072572336
f27825b2c_377,-0.04978405
f27825b2c_378,-0.011550186
f27825b2c_379,0.012124101
f27825b2c_380,0.02157506
f27825b2c_381,0.030562963
f27825b2c_382,0.014047112
f27825b2c_383,0.023763636
